ratio,cent_y,cent_x,eccentricity,solidity,skew_x,skew_y,kurt_x,kurt_y,output
0.10792991329479769,0.484152719665,0.476339274917,0.9778538046927814,0.12127055003,0.136598003069,-0.135198681925,-1.53575263458,0.148334851186,1
0.10217669654289373,0.48579194465,0.467729930888,0.9662844535575141,0.120313599357,0.242218658523,-0.188647803255,-1.51873205578,-0.136041080585,1
0.09963768115942029,0.487984848485,0.469174901186,0.9813968503445085,0.109333068283,0.190346072452,-0.385003485716,-1.54092991784,0.0653126432231,1
0.09933574879227053,0.570633073708,0.490918168069,0.9816963078341434,0.123255596141,0.0855292237284,-0.961082287471,-1.41873223578,0.389648057289,0
0.12832405689548546,0.60809769691,0.476114559247,0.985722052487305,0.15138618677,0.144320528414,-0.951283906517,-1.41910559511,0.268591783218,0
0.08552631578947369,0.60231292517,0.49762226078,0.9825416217306885,0.118069371162,0.0421137910414,-0.850866875295,-1.41722029044,0.105634229465,0
